{
    "SplitBy1998": {
        "accuracy": 0.5135841170323929,
        "YearReturnList": [
            1.2268537476918149,
            0.5968088347088716,
            1.4961927653328297,
            0.9607215241904621,
            1.3313913217860203,
            1.0428999739984066,
            1.2419920448679502,
            1.2707984388172915,
            1.1492390616005868,
            0.5200611361143586,
            2.133861419430365
        ],
        "特徵": [
            "市值(百萬元)",
            "收盤價(元)_年",
            "股價營收比",
            "資產報酬率ROA",
            "營業利益率OPM",
            "負債/淨值比",
            "M存貨週轉率 (次)",
            "M應收帳款週轉次",
            "M營業利益成長率",
            "M稅後淨利成長率"
        ],
        "特徵重要程度": [
            0.0,
            1.0,
            4.0,
            6.0,
            7.0,
            9.0,
            12.0,
            13.0,
            14.0,
            15.0
        ],
        "K值": 4
    },
    "SplitBy1999": {
        "accuracy": 0.5369204350314826,
        "YearReturnList": [
            0.6187884798499852,
            1.424704304672486,
            0.8162731380127524,
            1.3380605263477072,
            0.9560461183403692,
            1.129663957657925,
            1.2717835380232807,
            1.020967769685746,
            0.5187224874278332,
            2.4504659509876303
        ],
        "特徵": [
            "市值(百萬元)",
            "收盤價(元)_年",
            "股價淨值比",
            "股價營收比",
            "M淨值報酬率─稅後",
            "利潤邊際NPM",
            "負債/淨值比",
            "M速動比率",
            "M稅後淨利成長率",
            "Return"
        ],
        "特徵重要程度": [
            0.0,
            1.0,
            3.0,
            4.0,
            5.0,
            8.0,
            9.0,
            11.0,
            15.0,
            16.0
        ],
        "K值": 10
    },
    "SplitBy2000": {
        "accuracy": 0.538558786346397,
        "YearReturnList": [
            1.5249228852698542,
            1.0330200498264472,
            1.3662929923646052,
            1.0465278102431685,
            1.1366075769899435,
            1.4310945808953681,
            1.0344297542779286,
            0.5590989610961373,
            2.042359793477176
        ],
        "特徵": [
            "市值(百萬元)",
            "股價淨值比",
            "股價營收比",
            "營業利益率OPM",
            "負債/淨值比",
            "M流動比率",
            "M速動比率",
            "M營業利益成長率",
            "M稅後淨利成長率",
            "Return"
        ],
        "特徵重要程度": [
            0.0,
            3.0,
            4.0,
            7.0,
            9.0,
            10.0,
            11.0,
            14.0,
            15.0,
            16.0
        ],
        "K值": 10
    },
    "SplitBy2001": {
        "accuracy": 0.5284495021337127,
        "YearReturnList": [
            1.0241101088964508,
            1.3570794790018248,
            1.0752724537896459,
            1.2163046425633104,
            1.386502356008226,
            1.1292318270818185,
            0.5682405217080241,
            2.057986963516481
        ],
        "特徵": [
            "市值(百萬元)",
            "收盤價(元)_年",
            "股價淨值比",
            "股價營收比",
            "營業利益率OPM",
            "M速動比率",
            "M應收帳款週轉次",
            "M營業利益成長率",
            "M稅後淨利成長率",
            "Return"
        ],
        "特徵重要程度": [
            0.0,
            1.0,
            3.0,
            4.0,
            7.0,
            11.0,
            13.0,
            14.0,
            15.0,
            16.0
        ],
        "K值": 10
    },
    "SplitBy2002": {
        "accuracy": 0.5266558966074314,
        "YearReturnList": [
            1.368218035881316,
            1.0732964719562075,
            1.250306824379251,
            1.3340232317512406,
            1.1600100353781633,
            0.54375983285145,
            2.084208423493323
        ],
        "特徵": [
            "市值(百萬元)",
            "收盤價(元)_年",
            "股價淨值比",
            "M淨值報酬率─稅後",
            "營業利益率OPM",
            "利潤邊際NPM",
            "負債/淨值比",
            "M營業利益成長率",
            "M稅後淨利成長率",
            "Return"
        ],
        "特徵重要程度": [
            0.0,
            1.0,
            3.0,
            5.0,
            7.0,
            8.0,
            9.0,
            14.0,
            15.0,
            16.0
        ],
        "K值": 4
    },
    "SplitBy2003": {
        "accuracy": 0.5449385052034059,
        "YearReturnList": [
            1.0548430679381722,
            1.2233755906821506,
            1.3816516003971544,
            1.19487610814086,
            0.5106437337205278,
            2.2993418280693363
        ],
        "特徵": [
            "市值(百萬元)",
            "收盤價(元)_年",
            "股價淨值比",
            "股價營收比",
            "M淨值報酬率─稅後",
            "營業利益率OPM",
            "負債/淨值比",
            "M速動比率",
            "M營業利益成長率",
            "Return"
        ],
        "特徵重要程度": [
            0.0,
            1.0,
            3.0,
            4.0,
            5.0,
            7.0,
            9.0,
            11.0,
            14.0,
            16.0
        ],
        "K值": 6
    },
    "SplitBy2004": {
        "accuracy": 0.5542857142857143,
        "YearReturnList": [
            1.1599124573481254,
            1.2693569107893274,
            1.1827732398041555,
            0.5190310068392462,
            2.2847804595506904
        ],
        "特徵": [
            "市值(百萬元)",
            "收盤價(元)_年",
            "股價淨值比",
            "負債/淨值比",
            "M流動比率",
            "M速動比率",
            "M應收帳款週轉次",
            "M營業利益成長率",
            "M稅後淨利成長率",
            "Return"
        ],
        "特徵重要程度": [
            0.0,
            1.0,
            3.0,
            9.0,
            10.0,
            11.0,
            13.0,
            14.0,
            15.0,
            16.0
        ],
        "K值": 2
    },
    "SplitBy2005": {
        "accuracy": 0.5266187050359712,
        "YearReturnList": [
            0.5278748078077653,
            2.286876550586885,
            1.4768527819806356,
            1.2027125259992104
        ],
        "特徵": [
            "市值(百萬元)",
            "收盤價(元)_年",
            "股價淨值比",
            "股價營收比",
            "M淨值報酬率─稅後",
            "負債/淨值比",
            "M速動比率",
            "M應收帳款週轉次",
            "M稅後淨利成長率",
            "Return"
        ],
        "特徵重要程度": [
            0.0,
            1.0,
            3.0,
            4.0,
            5.0,
            9.0,
            11.0,
            13.0,
            15.0,
            16.0
        ],
        "K值": 2
    },
    "SplitBy2006": {
        "accuracy": 0.48484848484848486,
        "YearReturnList": [
            0.5203596874704656,
            2.2274761029941534,
            1.1552639664791646
        ],
        "特徵": [
            "市值(百萬元)",
            "股價營收比",
            "M淨值報酬率─稅後",
            "M流動比率",
            "M速動比率",
            "M存貨週轉率 (次)",
            "M應收帳款週轉次",
            "M營業利益成長率",
            "M稅後淨利成長率",
            "Return"
        ],
        "特徵重要程度": [
            0.0,
            4.0,
            5.0,
            10.0,
            11.0,
            12.0,
            13.0,
            14.0,
            15.0,
            16.0
        ],
        "K值": 10
    },
    "SplitBy2007": {
        "accuracy": 0.5159420289855072,
        "YearReturnList": [
            0.5352111635775113,
            2.2314742178034375
        ],
        "特徵": [
            "市值(百萬元)",
            "股價營收比",
            "M淨值報酬率─稅後",
            "營業利益率OPM",
            "負債/淨值比",
            "M流動比率",
            "M速動比率",
            "M應收帳款週轉次",
            "M營業利益成長率",
            "Return"
        ],
        "特徵重要程度": [
            0.0,
            4.0,
            5.0,
            7.0,
            9.0,
            10.0,
            11.0,
            13.0,
            14.0,
            16.0
        ],
        "K值": 10
    },
    "SplitBy2008": {
        "accuracy": 0.5119047619047619,