{
    "SplitBy1998": {
        "accuracy": 0.6138975966562173,
        "YearReturnList": [
            1.2364383385761057,
            0.7649480127228504
        ],
        "特徵": [
            "收盤價(元)_年",
            "股價淨值比",
            "M淨值報酬率─稅後",
            "資產報酬率ROA",
            "營業利益率OPM",
            "利潤邊際NPM",
            "負債/淨值比",
            "M流動比率",
            "M應收帳款週轉次",
            "Return"
        ],
        "特徵重要程度": [
            1.0,
            3.0,
            5.0,
            6.0,
            7.0,
            8.0,
            9.0,
            10.0,
            13.0,
            16.0
        ]
    },
    "SplitBy1999": {
        "accuracy": 0.6056096164854036,
        "YearReturnList": [
            1.2364383385761057,
            0.29285179640718567,
            1.5581188997338065,
            1.299194305768375,
            0.7280094353979608,
            0.43892875020857675
        ],
        "特徵": [
            "市值(百萬元)",
            "收盤價(元)_年",
            "股價營收比",
            "資產報酬率ROA",
            "營業利益率OPM",
            "負債/淨值比",
            "M流動比率",
            "M速動比率",
            "M營業利益成長率",
            "Return"
        ],
        "特徵重要程度": [
            0.0,
            1.0,
            4.0,
            6.0,
            7.0,
            9.0,
            10.0,
            11.0,
            14.0,
            16.0
        ]
    },
    "SplitBy2000": {
        "accuracy": 0.5960809102402023,
        "YearReturnList": [
            2.835802894206944,
            0.51040833273478,
            0.8894643666279236,
            1.5581188997338065,
            3.517605633802817,
            1.6915887850467288,
            1.099927987130136,
            0.5018024873735315,
            2.1821735264546036
        ],
        "特徵": [
            "收盤價(元)_年",
            "股價淨值比",
            "股價營收比",
            "營業利益率OPM",
            "負債/淨值比",
            "M流動比率",
            "M存貨週轉率 (次)",
            "M應收帳款週轉次",
            "M稅後淨利成長率",
            "Return"
        ],
        "特徵重要程度": [
            1.0,
            3.0,
            4.0,
            7.0,
            9.0,
            10.0,
            12.0,
            13.0,
            15.0,
            16.0
        ]
    },
    "SplitBy2001": {
        "accuracy": 0.6031294452347084,
        "YearReturnList": [
            0.9310319991814873,
            1.1564165082767228,
            1.2682386115971,
            0.9274611398963731,
            0.9998022412656559,
            1.1670578978918935,
            0.663575743909915,
            1.2131805888979654
        ],
        "特徵": [
            "市值(百萬元)",
            "收盤價(元)_年",
            "股價營收比",
            "M淨值報酬率─稅後",
            "資產報酬率ROA",
            "營業利益率OPM",
            "負債/淨值比",
            "M流動比率",
            "M存貨週轉率 (次)",
            "M應收帳款週轉次"
        ],
        "特徵重要程度": [
            0.0,
            1.0,
            4.0,
            5.0,
            6.0,
            7.0,
            9.0,
            10.0,
            12.0,
            13.0
        ]
    },
    "SplitBy2002": {
        "accuracy": 0.5888529886914378,
        "YearReturnList": [
            0.7789006700703417,
            1.0953846153846154,
            1.1854025186259642,
            0.47020646416826617,
            1.33033730100974
        ],
        "特徵": [
            "收盤價(元)_年",
            "股價淨值比",
            "股價營收比",
            "資產報酬率ROA",
            "營業利益率OPM",
            "利潤邊際NPM",
            "負債/淨值比",
            "M應收帳款週轉次",
            "M營業利益成長率",
            "M稅後淨利成長率"
        ],
        "特徵重要程度": [
            1.0,
            3.0,
            4.0,
            6.0,
            7.0,
            8.0,
            9.0,
            13.0,
            14.0,
            15.0
        ]
    },
    "SplitBy2003": {
        "accuracy": 0.5941343424787133,
        "YearReturnList": [
            0.6373573574022245,
            1.4645884539373544,
            1.234989312383755,
            1.2127376112770818
        ],
        "特徵": [
            "市值(百萬元)",
            "收盤價(元)_年",
            "股價淨值比",
            "股價營收比",
            "負債/淨值比",
            "M流動比率",
            "M應收帳款週轉次",
            "M營業利益成長率",
            "M稅後淨利成長率",
            "Return"
        ],
        "特徵重要程度": [
            0.0,
            1.0,
            3.0,
            4.0,
            9.0,
            10.0,
            13.0,
            14.0,
            15.0,
            16.0
        ]
    },
    "SplitBy2004": {
        "accuracy": 0.5874285714285714,
        "YearReturnList": [
            1.0292774517351544,
            1.2495604788216232,
            1.0656052667054483,
            0.5253716021239287,
            1.5916132556426523
        ],
        "特徵": [
            "股價淨值比",
            "營業利益率OPM",
            "利潤邊際NPM",
            "負債/淨值比",
            "M流動比率",
            "M存貨週轉率 (次)",
            "M應收帳款週轉次",
            "M營業利益成長率",
            "M稅後淨利成長率",
            "Return"
        ],
        "特徵重要程度": [
            3.0,
            7.0,
            8.0,
            9.0,
            10.0,
            12.0,
            13.0,
            14.0,
            15.0,
            16.0
        ]
    },
    "SplitBy2005": {
        "accuracy": 0.5913669064748202,
        "YearReturnList": [
            0.49935078129735255,
            1.4426971449428283,
            1.0448275388122255,
            0.9819059067576621
        ],
        "特徵": [
            "股價淨值比",
            "股價營收比",
            "利潤邊際NPM",
            "負債/淨值比",
            "M流動比率",
            "M速動比率",
            "M存貨週轉率 (次)",
            "M應收帳款週轉次",
            "M稅後淨利成長率",
            "Return"
        ],
        "特徵重要程度": [
            3.0,
            4.0,
            8.0,
            9.0,
            10.0,
            11.0,
            12.0,
            13.0,
            15.0,
            16.0
        ]
    },
    "SplitBy2006": {
        "accuracy": 0.5909090909090909,
        "YearReturnList": [
            0.5086289074665085,
            1.5297643314095508,
            0.9719966810225203
        ],
        "特徵": [
            "收盤價(元)_年",
            "股價淨值比",
            "股價營收比",
            "利潤邊際NPM",
            "負債/淨值比",
            "M存貨週轉率 (次)",
            "M應收帳款週轉次",
            "M營業利益成長率",
            "M稅後淨利成長率",
            "Return"
        ],
        "特徵重要程度": [
            1.0,
            3.0,
            4.0,
            8.0,
            9.0,
            12.0,
            13.0,
            14.0,
            15.0,
            16.0
        ]
    },
    "SplitBy2007": {
        "accuracy": 0.5768115942028985,
        "YearReturnList": [
            0.6424532596614564,
            1.1977024030710208
        ],
        "特徵": [
            "市值(百萬元)",
            "收盤價(元)_年",
            "M淨值報酬率─稅後",
            "負債/淨值比",
            "M流動比率",
            "M速動比率",
            "M存貨週轉率 (次)",
            "M應收帳款週轉次",
            "M營業利益成長率",
            "Return"
        ],
        "特徵重要程度": [
            0.0,
            1.0,
            5.0,
            9.0,
            10.0,
            11.0,
            12.0,
            13.0,
            14.0,
            16.0
        ]
    },
    "SplitBy2008": {
        "accuracy": 0.5833333333333334,
        "YearReturnList": [
            1.2507492012534858
        ],
        "特徵": [
            "市值(百萬元)",
            "收盤價(元)_年",
            "股價淨值比",
            "股價營收比",
            "M速動比率",
            "M存貨週轉率 (次)",
            "M應收帳款週轉次",
            "M營業利益成長率",
            "M稅後淨利成長率",
            "Return"
        ],
        "特徵重要程度": [
            0.0,
            1.0,
            3.0,
            4.0,
            11.0,
            12.0,
            13.0,
            14.0,
            15.0,
            16.0
        ]
    }
}