{
    "SplitBy1998": {
        "accuracy": 0.5689655172413793,
        "YearReturnList": [
            1.681134601430101,
            0.6492116458440761,
            1.9277591666285954,
            0.9754492769023322,
            1.3615047893930277,
            1.1100063419812451,
            1.252155608410252,
            1.3531374184693057,
            1.1246007347707128,
            0.5429441761335194,
            2.0281370997543253
        ],
        "特徵": [
            "市值(百萬元)",
            "收盤價(元)_年",
            "股價淨值比",
            "股價營收比",
            "M淨值報酬率─稅後",
            "資產報酬率ROA",
            "M流動比率",
            "M存貨週轉率 (次)",
            "M應收帳款週轉次",
            "M稅後淨利成長率"
        ],
        "特徵重要程度": [
            0.0,
            1.0,
            3.0,
            4.0,
            5.0,
            6.0,
            10.0,
            12.0,
            13.0,
            15.0
        ],
        "K值": 6
    },
    "SplitBy1999": {
        "accuracy": 0.5535203205495135,
        "YearReturnList": [
            0.5976753297455734,
            1.5541149108843753,
            1.0986000927252055,
            1.508902385079385,
            1.0281352122592058,
            1.2171348356278604,
            1.308786269663464,
            1.13631057635267,
            0.5179084618291018,
            2.0798790188790477
        ],
        "特徵": [
            "市值(百萬元)",
            "股價淨值比",
            "股價營收比",
            "M淨值報酬率─稅後",
            "營業利益率OPM",
            "M速動比率",
            "M存貨週轉率 (次)",
            "M營業利益成長率",
            "M稅後淨利成長率",
            "Return"
        ],
        "特徵重要程度": [
            0.0,
            3.0,
            4.0,
            5.0,
            7.0,
            11.0,
            12.0,
            14.0,
            15.0,
            16.0
        ],
        "K值": 8
    },
    "SplitBy2000": {
        "accuracy": 0.5865992414664981,
        "YearReturnList": [
            1.43961165847178,
            1.200103419830835,
            1.2752064795508071,
            0.9412039345232271,
            1.1360066230907642,
            1.22262912731661,
            1.0274325118217613,
            0.500946819163611,
            2.2224267510005786
        ],
        "特徵": [
            "市值(百萬元)",
            "股價淨值比",
            "股價營收比",
            "M淨值報酬率─稅後",
            "營業利益率OPM",
            "負債/淨值比",
            "M流動比率",
            "M速動比率",
            "M應收帳款週轉次",
            "Return"
        ],
        "特徵重要程度": [
            0.0,
            3.0,
            4.0,
            5.0,
            7.0,
            9.0,
            10.0,
            11.0,
            13.0,
            16.0
        ],
        "K值": 2
    },
    "SplitBy2001": {
        "accuracy": 0.569701280227596,
        "YearReturnList": [
            0.6260857845600029,
            1.5295651024532293,
            0.9401702246332749,
            0.9652237858199068,
            0.9941968019747887,
            0.9545893993137348,
            0.5002790994350772,
            1.9329312471105278
        ],
        "特徵": [
            "市值(百萬元)",
            "股價營收比",
            "M淨值報酬率─稅後",
            "營業利益率OPM",
            "M流動比率",
            "M速動比率",
            "M存貨週轉率 (次)",
            "M應收帳款週轉次",
            "M稅後淨利成長率",
            "Return"
        ],
        "特徵重要程度": [
            0.0,
            4.0,
            5.0,
            7.0,
            10.0,
            11.0,
            12.0,
            13.0,
            15.0,
            16.0
        ],
        "K值": 10
    },
    "SplitBy2002": {
        "accuracy": 0.5791599353796446,
        "YearReturnList": [
            1.3587483323329652,
            1.0215518980045042,
            1.4660803782574927,
            1.416842017820119,
            1.323758970458509,
            0.538615639900967,
            2.0623830425698126
        ],
        "特徵": [
            "市值(百萬元)",
            "股價淨值比",
            "股價營收比",
            "M淨值報酬率─稅後",
            "資產報酬率ROA",
            "M流動比率",
            "M速動比率",
            "M應收帳款週轉次",
            "M營業利益成長率",
            "M稅後淨利成長率"
        ],
        "特徵重要程度": [
            0.0,
            3.0,
            4.0,
            5.0,
            6.0,
            10.0,
            11.0,
            13.0,
            14.0,
            15.0
        ],
        "K值": 10
    },
    "SplitBy2003": {
        "accuracy": 0.5733207190160833,
        "YearReturnList": [
            1.1513207538078678,
            1.1031980946193782,
            1.1972621866012423,
            1.252737414133635,
            0.5271333339350953,
            2.0361430194747743
        ],
        "特徵": [
            "市值(百萬元)",
            "股價淨值比",
            "股價營收比",
            "營業利益率OPM",
            "負債/淨值比",
            "M速動比率",
            "M存貨週轉率 (次)",
            "M應收帳款週轉次",
            "M營業利益成長率",
            "Return"
        ],
        "特徵重要程度": [
            0.0,
            3.0,
            4.0,
            7.0,
            9.0,
            11.0,
            12.0,
            13.0,
            14.0,
            16.0
        ],
        "K值": 4
    },
    "SplitBy2004": {
        "accuracy": 0.5577142857142857,
        "YearReturnList": [
            1.1770802094448045,
            1.1701153469259942,
            1.136877473290687,
            0.5248939179004041,
            2.2992040493120247
        ],
        "特徵": [
            "市值(百萬元)",
            "股價營收比",
            "M淨值報酬率─稅後",
            "負債/淨值比",
            "M流動比率",
            "M速動比率",
            "M存貨週轉率 (次)",
            "M應收帳款週轉次",
            "M營業利益成長率",
            "M稅後淨利成長率"
        ],
        "特徵重要程度": [
            0.0,
            4.0,
            5.0,
            9.0,
            10.0,
            11.0,
            12.0,
            13.0,
            14.0,
            15.0
        ],
        "K值": 2
    },
    "SplitBy2005": {
        "accuracy": 0.5755395683453237,
        "YearReturnList": [
            0.5060856556004679,
            2.0956271515523093,
            1.3429108773448768,
            1.0802233846498341
        ],
        "特徵": [
            "市值(百萬元)",
            "收盤價(元)_年",
            "股價淨值比",
            "股價營收比",
            "M淨值報酬率─稅後",
            "營業利益率OPM",
            "負債/淨值比",
            "M應收帳款週轉次",
            "M營業利益成長率",
            "Return"
        ],
        "特徵重要程度": [
            0.0,
            1.0,
            3.0,
            4.0,
            5.0,
            7.0,
            9.0,
            13.0,
            14.0,
            16.0
        ],
        "K值": 8
    },
    "SplitBy2006": {
        "accuracy": 0.5852272727272727,
        "YearReturnList": [
            0.4885185620904719,
            2.0414394408992083,
            1.2982293602426995
        ],
        "特徵": [
            "市值(百萬元)",
            "股價淨值比",
            "股價營收比",
            "營業利益率OPM",
            "負債/淨值比",
            "M流動比率",
            "M存貨週轉率 (次)",
            "M應收帳款週轉次",
            "M營業利益成長率",
            "Return"
        ],
        "特徵重要程度": [
            0.0,
            3.0,
            4.0,
            7.0,
            9.0,
            10.0,
            12.0,
            13.0,
            14.0,
            16.0
        ],
        "K值": 8
    },
    "SplitBy2007": {
        "accuracy": 0.5594202898550724,
        "YearReturnList": [
            0.4886346879935797,
            2.0285794254112792
        ],
        "特徵": [
            "市值(百萬元)",
            "收盤價(元)_年",
            "股價淨值比",
            "M淨值報酬率─稅後",
            "營業利益率OPM",
            "M速動比率",
            "M存貨週轉率 (次)",
            "M應收帳款週轉次",
            "M稅後淨利成長率",
            "Return"
        ],
        "特徵重要程度": [
            0.0,
            1.0,
            3.0,
            5.0,
            7.0,
            11.0,
            12.0,
            13.0,
            15.0,
            16.0
        ],
        "K值": 2
    },
    "SplitBy2008": {
        "accuracy": 0.5416666666666666,